name,version,wheel,hash,source,license,official_license_file,standalone,msix,build_only,notices,risk,evidence
altgraph,0.17.5,C:\NovaWall\.build-venv\Lib\site-packages,6c194d6db0c64d45535d10c95142b9b0cda7b7dcc7f1ddee302b3d536f3dbe46,https://altgraph.readthedocs.io,MIT,C:\NovaWall\.build-venv\Lib\site-packages\altgraph-0.17.5.dist-info\LICENSE,NO/BUILD TOOL,NO/BUILD TOOL,True,Preserve official license text; do not replace with summary.,LOW/MEDIUM - verify notice obligations.,"Metadata-Version: 2.1
Name: altgraph
Version: 0.17.5
Summary: Python graph (network) package
Home-page: https://altgraph.readthedocs.io
Download-URL: http://pypi.python.org/pypi/altgraph
Author: Ronald Oussoren
Author-email: ronaldoussoren@mac.com
Maintainer: Ronald Oussoren
Maintainer-email: ronaldoussoren@mac.com
License: MIT
Keywords: graph
Platform: any
Classifier: Intended Audience :: Developers
Classifier: License :: OSI Approved :: MIT License
Classifier: Programming Language :: Python
Classifier: Programming Language :: Python :: 2
Classifier: Programming Language :: Python :: 2.7
Classifier: Programming Language :: Python :: 3
Classifier: Programming Language :: Python :: 3.4
Classifier: Programming Language :: Python :: 3.5
Classifier: Programming Language :: Python :: 3.6
Classifier: Programming Language :: Python :: 3.7
Classifier: Programming Language :: Python :: 3.8
Classifier: Programming Language :: Python :: 3.9
Classifier: Programming Language :: Python :: 3.10
Classifier: Programming Language :: Python :: 3.11
Classifier: Programming Language :: Python :: 3.12
Classifier: Programming Language :: Python :: 3.13
Classifier: Programming Language :: Python :: 3.14
Classifier: Topic :: Software Development :: Libraries :: Python Modules
Classifier: Topic :: Scientific/Engineering :: Mathematics
Classifier: Topic :: Scientific/Engineering :: Visualization
Description-Content-Type: text/x-rst; charset=UTF-8
License-File: LICENSE
Project-URL: Documentation, https://altgraph.readthedocs.io/en/latest/
Project-URL: Issue tracker, https://github.com/ronaldoussoren/altgraph/issues
Project-URL: Repository, https://github.com/ronaldoussoren/altgraph

altgraph is a fork of graphlib: a graph (network) package for constructing
graphs, BFS and DFS traversals, topological sort, shortest paths, etc. with
graphviz output.

altgraph includes some additional usage of Python 2.6+ features and
enhancements related to modulegraph and macholib.

Project links
-------------

* `Documentation <https://altgraph.readthedocs.io/en/latest/>`_

* `Issue Tracker <https://github.com/ronaldoussoren/altgraph/issues>`_

* `Repository <https://github.com/ronaldoussoren/altgraph/>`_


Release history
===============

0.17.5
------

* Update classifiers for Python 3.13 and 3.14

* Drop dependency on ""pkg_resources""

0.17.4
------

* Update classifiers for Python 3.12

0.17.3
------

* Update classifiers for Python 3.11

0.17.2
------

* Change in setup.py to fix the sidebar links on PyPI

0.17.1
------

* Explicitly mark Python 3.10 as supported in wheel metadata.

0.17
----

* Explicitly mark Python 3.8 as supported in wheel metadata.

* Migrate from Bitbucket to GitHub

* Run black on the entire repository

0.16.1
------

* Explicitly mark Python 3.7 as supported in wheel metadata.

0.16
----

* Add LICENSE file

0.15
----

* ``ObjectGraph.get_edges``, ``ObjectGraph.getEdgeData`` and ``ObjectGraph.updateEdgeData``
  accept *None* as the node to get and treat this as an alias for *self* (as other
  methods already did).

0.14
----

- Issue #7: Remove use of ``iteritems`` in altgraph.GraphAlgo code

0.13
----

- Issue #4: Graph._bfs_subgraph and back_bfs_subgraph return subgraphs with reversed edges

  Fix by ""pombredanne"" on bitbucket.


0.12
----

- Added ``ObjectGraph.edgeData`` to retrieve the edge data
  from a specific edge.

- Added ``AltGraph.update_edge_data`` and ``ObjectGraph.updateEdgeData``
  to update the data associated with a graph edge.

0.11
----

- Stabilize the order of elements in dot file exports,
  patch from bitbucket user 'pombredanne'.

- Tweak setup.py file to remove dependency on distribute (but
  keep the dependency on setuptools)


0.10.2
------

- There where no classifiers in the package metadata due to a bug
  in setup.py

0.10.1
------

This is a bugfix release

Bug fixes:

- Issue #3: The source archive contains a README.txt
  while the setup file refers to ReadMe.txt.

  This is caused by a misfeature in distutils, as a
  workaround I've renamed ReadMe.txt to README.txt
  in the source tree and setup file.


0.10
-----

This is a minor feature release

Features:

- Do not use ""2to3"" to support Python 3.

  As a side effect of this altgraph now supports
  Python 2.6 and later, and no longer supports
  earlier releases of Python.

- The order of attributes in the Dot output
  is now always alphabetical.

  With this change the output will be consistent
  between runs and Python versions.

0.9
---

This is a minor bugfix release

Features:

- Added ``altgraph.ObjectGraph.ObjectGraph.nodes``, a method
  yielding all nodes in an object graph.

Bugfixes:

- The 0.8 release didn't work with py2app when using
  python 3.x.


0.8
-----

This is a minor feature release. The major new feature
is a extensive set of unittests, which explains almost
all other changes in this release.

Bugfixes:

- Installing failed with Python 2.5 due to using a distutils
  class that isn't available in that version of Pytho"
packaging,26.2,C:\NovaWall\.build-venv\Lib\site-packages,cad1ef5bd340d73e074ba614d26f7deaca5c7940c3d8c34852e65c4909686c48,"Documentation, https://packaging.pypa.io/",UNKNOWN,C:\NovaWall\.build-venv\Lib\site-packages\packaging-26.2.dist-info\licenses\LICENSE; C:\NovaWall\.build-venv\Lib\site-packages\packaging-26.2.dist-info\licenses\LICENSE.APACHE; C:\NovaWall\.build-venv\Lib\site-packages\packaging-26.2.dist-info\licenses\LICENSE.BSD,NO/BUILD TOOL,NO/BUILD TOOL,True,Preserve official license text; do not replace with summary.,REVIEW REQUIRED,"Metadata-Version: 2.4
Name: packaging
Version: 26.2
Summary: Core utilities for Python packages
Author-email: Donald Stufft <donald@stufft.io>
Requires-Python: >=3.8
Description-Content-Type: text/x-rst
License-Expression: Apache-2.0 OR BSD-2-Clause
Classifier: Development Status :: 5 - Production/Stable
Classifier: Intended Audience :: Developers
Classifier: Programming Language :: Python
Classifier: Programming Language :: Python :: 3
Classifier: Programming Language :: Python :: 3 :: Only
Classifier: Programming Language :: Python :: 3.8
Classifier: Programming Language :: Python :: 3.9
Classifier: Programming Language :: Python :: 3.10
Classifier: Programming Language :: Python :: 3.11
Classifier: Programming Language :: Python :: 3.12
Classifier: Programming Language :: Python :: 3.13
Classifier: Programming Language :: Python :: 3.14
Classifier: Programming Language :: Python :: Implementation :: CPython
Classifier: Programming Language :: Python :: Implementation :: PyPy
Classifier: Programming Language :: Python :: Free Threading :: 4 - Resilient
Classifier: Typing :: Typed
License-File: LICENSE
License-File: LICENSE.APACHE
License-File: LICENSE.BSD
Project-URL: Documentation, https://packaging.pypa.io/
Project-URL: Source, https://github.com/pypa/packaging

packaging
=========

.. start-intro

Reusable core utilities for various Python Packaging
`interoperability specifications <https://packaging.python.org/specifications/>`_.

This library provides utilities that implement the interoperability
specifications which have clearly one correct behaviour (eg: :pep:`440`)
or benefit greatly from having a single shared implementation (eg: :pep:`425`).

.. end-intro

The ``packaging`` project includes the following: version handling, specifiers,
markers, requirements, tags, metadata, lockfiles, utilities.

Documentation
-------------

The `documentation`_ provides information and the API for the following:

- Version Handling
- Specifiers
- Markers
- Licenses
- Requirements
- Metadata
- Tags
- Lockfiles (pylock)
- Direct URL helpers
- Dependency groups
- Errors
- Utilities

Installation
------------

Use ``pip`` to install these utilities::

    pip install packaging

The ``packaging`` library uses calendar-based versioning (``YY.N``).

Discussion
----------

If you run into bugs, you can file them in our `issue tracker`_.

You can also join discussions on `GitHub Discussions`_ to ask questions or get involved.

.. _`documentation`: https://packaging.pypa.io/
.. _`issue tracker`: https://github.com/pypa/packaging/issues
.. _`GitHub Discussions`: https://github.com/pypa/packaging/discussions


Code of Conduct
---------------

Everyone interacting in the packaging project's codebases, issue trackers, chat
rooms, and mailing lists is expected to follow the `PSF Code of Conduct`_.

.. _PSF Code of Conduct: https://github.com/pypa/.github/blob/main/CODE_OF_CONDUCT.md

Contributing
------------

The ``CONTRIBUTING.rst`` file outlines how to contribute to this project as
well as how to report a potential security issue. The documentation for this
project also covers information about `project development`_ and `security`_.

.. _`project development`: https://packaging.pypa.io/en/latest/development/
.. _`security`: https://packaging.pypa.io/en/latest/security/

Project History
---------------

Please review the ``CHANGELOG.rst`` file or the `Changelog documentation`_ for
recent changes and project history.

.. _`Changelog documentation`: https://packaging.pypa.io/en/latest/changelog/

"
pefile,2024.8.26,C:\NovaWall\.build-venv\Lib\site-packages,b44409c067c6da52bfb54bb6624fb11a7b52157c3a13ae1400232f8196e86ad3,https://github.com/erocarrera/pefile,MIT,C:\NovaWall\.build-venv\Lib\site-packages\pefile-2024.8.26.dist-info\LICENSE,NO/BUILD TOOL,NO/BUILD TOOL,True,Preserve official license text; do not replace with summary.,LOW/MEDIUM - verify notice obligations.,"Metadata-Version: 2.1
Name: pefile
Version: 2024.8.26
Summary: Python PE parsing module
Home-page: https://github.com/erocarrera/pefile
Download-URL: https://github.com/erocarrera/pefile/releases/download/v2024.8.26/pefile-2024.8.26.tar.gz
Author: Ero Carrera
Author-email: ero.carrera@gmail.com
License: MIT
Keywords: pe,exe,dll,pefile,pecoff
Classifier: Development Status :: 5 - Production/Stable
Classifier: Intended Audience :: Developers
Classifier: Intended Audience :: Science/Research
Classifier: Natural Language :: English
Classifier: Operating System :: OS Independent
Classifier: Programming Language :: Python
Classifier: Topic :: Software Development :: Libraries :: Python Modules
Requires-Python: >=3.6.0
License-File: LICENSE

pefile, Portable Executable reader module

All the PE file basic structures are available with their default names as
attributes of the instance returned.

Processed elements such as the import table are made available with lowercase
names, to differentiate them from the upper case basic structure names.

pefile has been tested against many edge cases such as corrupted and malformed
PEs as well as malware, which often attempts to abuse the format way beyond its
standard use. To the best of my knowledge most of the abuse is handled
gracefully.

Copyright (c) 2005-2024 Ero Carrera <ero.carrera@gmail.com>
"
pillow,12.2.0,C:\NovaWall\.build-venv\Lib\site-packages,75bb81b58f9b39786eeb2e56a1eb829aae501042d49e1dc766ca187b6ce9656f,"Release notes, https://pillow.readthedocs.io/en/stable/releasenotes/index.html",UNKNOWN,C:\NovaWall\.build-venv\Lib\site-packages\pillow-12.2.0.dist-info\licenses\LICENSE,YES,YES,False,Preserve official license text; do not replace with summary.,REVIEW REQUIRED,"Metadata-Version: 2.4
Name: pillow
Version: 12.2.0
Summary: Python Imaging Library (fork)
Author-email: Jeffrey 'Alex' Clark <aclark@aclark.net>
License-Expression: MIT-CMU
Project-URL: Release notes, https://pillow.readthedocs.io/en/stable/releasenotes/index.html
Project-URL: Changelog, https://github.com/python-pillow/Pillow/releases
Project-URL: Documentation, https://pillow.readthedocs.io
Project-URL: Funding, https://tidelift.com/subscription/pkg/pypi-pillow?utm_source=pypi-pillow&utm_medium=pypi
Project-URL: Homepage, https://python-pillow.github.io
Project-URL: Mastodon, https://fosstodon.org/@pillow
Project-URL: Source, https://github.com/python-pillow/Pillow
Keywords: Imaging
Classifier: Development Status :: 6 - Mature
Classifier: Programming Language :: Python :: 3 :: Only
Classifier: Programming Language :: Python :: 3.10
Classifier: Programming Language :: Python :: 3.11
Classifier: Programming Language :: Python :: 3.12
Classifier: Programming Language :: Python :: 3.13
Classifier: Programming Language :: Python :: 3.14
Classifier: Programming Language :: Python :: Implementation :: CPython
Classifier: Programming Language :: Python :: Implementation :: PyPy
Classifier: Topic :: Multimedia :: Graphics
Classifier: Topic :: Multimedia :: Graphics :: Capture :: Digital Camera
Classifier: Topic :: Multimedia :: Graphics :: Capture :: Screen Capture
Classifier: Topic :: Multimedia :: Graphics :: Graphics Conversion
Classifier: Topic :: Multimedia :: Graphics :: Viewers
Classifier: Typing :: Typed
Requires-Python: >=3.10
Description-Content-Type: text/markdown
License-File: LICENSE
Provides-Extra: docs
Requires-Dist: furo; extra == ""docs""
Requires-Dist: olefile; extra == ""docs""
Requires-Dist: sphinx>=8.2; extra == ""docs""
Requires-Dist: sphinx-autobuild; extra == ""docs""
Requires-Dist: sphinx-copybutton; extra == ""docs""
Requires-Dist: sphinx-inline-tabs; extra == ""docs""
Requires-Dist: sphinxext-opengraph; extra == ""docs""
Provides-Extra: fpx
Requires-Dist: olefile; extra == ""fpx""
Provides-Extra: mic
Requires-Dist: olefile; extra == ""mic""
Provides-Extra: test-arrow
Requires-Dist: arro3-compute; extra == ""test-arrow""
Requires-Dist: arro3-core; extra == ""test-arrow""
Requires-Dist: nanoarrow; extra == ""test-arrow""
Requires-Dist: pyarrow; extra == ""test-arrow""
Provides-Extra: tests
Requires-Dist: check-manifest; extra == ""tests""
Requires-Dist: coverage>=7.4.2; extra == ""tests""
Requires-Dist: defusedxml; extra == ""tests""
Requires-Dist: markdown2; extra == ""tests""
Requires-Dist: olefile; extra == ""tests""
Requires-Dist: packaging; extra == ""tests""
Requires-Dist: pyroma>=5; extra == ""tests""
Requires-Dist: pytest; extra == ""tests""
Requires-Dist: pytest-cov; extra == ""tests""
Requires-Dist: pytest-timeout; extra == ""tests""
Requires-Dist: pytest-xdist; extra == ""tests""
Requires-Dist: trove-classifiers>=2024.10.12; extra == ""tests""
Provides-Extra: xmp
Requires-Dist: defusedxml; extra == ""xmp""
Dynamic: license-file

<p align=""center"">
    <img width=""248"" height=""250"" src=""https://raw.githubusercontent.com/python-pillow/pillow-logo/main/pillow-logo-248x250.png"" alt=""Pillow logo"">
</p>

# Pillow

## Python Imaging Library (Fork)

Pillow is the friendly PIL fork by [Jeffrey 'Alex' Clark and
contributors](https://github.com/python-pillow/Pillow/graphs/contributors).
PIL is the Python Imaging Library by Fredrik Lundh and contributors.
As of 2019, Pillow development is
[supported by Tidelift](https://tidelift.com/subscription/pkg/pypi-pillow?utm_source=pypi-pillow&utm_medium=readme&utm_campaign=enterprise).

<table>
    <tr>
        <th>docs</th>
        <td>
            <a href=""https://pillow.readthedocs.io/?badge=latest""><img
                alt=""Documentation Status""
                src=""https://readthedocs.org/projects/pillow/badge/?version=latest""></a>
        </td>
    </tr>
    <tr>
        <th>tests</th>
        <td>
            <a href=""https://github.com/python-pillow/Pillow/actions/workflows/lint.yml""><img
                alt=""GitHub Actions build status (Lint)""
                src=""https://github.com/python-pillow/Pillow/workflows/Lint/badge.svg""></a>
            <a href=""https://github.com/python-pillow/Pillow/actions/workflows/test.yml""><img
                alt=""GitHub Actions build status (Test Linux and macOS)""
                src=""https://github.com/python-pillow/Pillow/workflows/Test/badge.svg""></a>
            <a href=""https://github.com/python-pillow/Pillow/actions/workflows/test-windows.yml""><img
                alt=""GitHub Actions build status (Test Windows)""
                src=""https://github.com/python-pillow/Pillow/workflows/Test%20Windows/badge.svg""></a>
            <a href=""https://github.com/python-pillow/Pillow/actions/workflows/test-mingw.yml""><img
                alt=""GitHub Actions build status (Test MinGW)""
                src=""https://github.com/python-pillow/Pillow/workflows/Test%20MinGW/badge.svg""></a>
            <a href=""https://github.com/python-pillow/Pillow/actions/workflows/test"
pyinstaller,6.20.0,C:\NovaWall\.build-venv\Lib\site-packages,dcf75fdb959db1e3b41c0f8505069d2ece781b5ec6b3d0a4d30975cfc6580245,"Homepage, https://pyinstaller.org",GPLv2-or-later with a special exception which allows to use PyInstaller to build and distribute non-free programs (including commercial ones),C:\NovaWall\.build-venv\Lib\site-packages\pyinstaller-6.20.0.dist-info\licenses\COPYING.txt,NO/BUILD TOOL,NO/BUILD TOOL,True,Preserve official license text; do not replace with summary.,LOW/MEDIUM - verify notice obligations.,"Metadata-Version: 2.4
Name: pyinstaller
Version: 6.20.0
Summary: PyInstaller bundles a Python application and all its dependencies into a single package.
Project-URL: Homepage, https://pyinstaller.org
Project-URL: Documentation, https://pyinstaller.org
Project-URL: Source Code, https://github.com/pyinstaller/pyinstaller
Project-URL: Release Notes, https://pyinstaller.org/en/stable/CHANGES.html
Author: Hartmut Goebel, Giovanni Bajo, David Vierra, David Cortesi, Martin Zibricky
License: GPLv2-or-later with a special exception which allows to use PyInstaller to build and distribute non-free programs (including commercial ones)
License-File: COPYING.txt
Keywords: app,apps,bundle,convert,executable,packaging,standalone
Classifier: Development Status :: 6 - Mature
Classifier: Environment :: Console
Classifier: Intended Audience :: Developers
Classifier: Intended Audience :: Other Audience
Classifier: Intended Audience :: System Administrators
Classifier: License :: OSI Approved :: GNU General Public License v2 (GPLv2)
Classifier: Natural Language :: English
Classifier: Operating System :: MacOS :: MacOS X
Classifier: Operating System :: Microsoft :: Windows
Classifier: Operating System :: POSIX
Classifier: Operating System :: POSIX :: AIX
Classifier: Operating System :: POSIX :: BSD
Classifier: Operating System :: POSIX :: Linux
Classifier: Operating System :: POSIX :: SunOS/Solaris
Classifier: Programming Language :: C
Classifier: Programming Language :: Python
Classifier: Programming Language :: Python :: 3
Classifier: Programming Language :: Python :: 3 :: Only
Classifier: Programming Language :: Python :: 3.8
Classifier: Programming Language :: Python :: 3.9
Classifier: Programming Language :: Python :: 3.10
Classifier: Programming Language :: Python :: 3.11
Classifier: Programming Language :: Python :: 3.12
Classifier: Programming Language :: Python :: 3.13
Classifier: Programming Language :: Python :: 3.14
Classifier: Programming Language :: Python :: Implementation :: CPython
Classifier: Topic :: Software Development
Classifier: Topic :: Software Development :: Build Tools
Classifier: Topic :: Software Development :: Interpreters
Classifier: Topic :: Software Development :: Libraries :: Python Modules
Classifier: Topic :: System :: Installation/Setup
Classifier: Topic :: System :: Software Distribution
Classifier: Topic :: Utilities
Requires-Python: <3.15,>=3.8
Requires-Dist: altgraph
Requires-Dist: importlib-metadata>=4.6; python_version < '3.10'
Requires-Dist: macholib>=1.8; sys_platform == 'darwin'
Requires-Dist: packaging>=22.0
Requires-Dist: pefile>=2022.5.30; sys_platform == 'win32'
Requires-Dist: pyinstaller-hooks-contrib>=2026.4
Requires-Dist: pywin32-ctypes>=0.2.1; sys_platform == 'win32'
Requires-Dist: setuptools>=42.0.0
Provides-Extra: completion
Requires-Dist: argcomplete; extra == 'completion'
Provides-Extra: hook-testing
Requires-Dist: execnet>=1.5.0; extra == 'hook-testing'
Requires-Dist: psutil; extra == 'hook-testing'
Requires-Dist: pytest>=2.7.3; extra == 'hook-testing'
Description-Content-Type: text/x-rst

PyInstaller Overview
====================

.. image:: https://img.shields.io/pypi/v/pyinstaller
   :alt: PyPI
   :target: https://pypi.org/project/pyinstaller
.. image:: https://img.shields.io/pypi/pyversions/pyinstaller
   :alt: PyPI - Python Version
   :target: https://pypi.org/project/pyinstaller
.. image:: https://img.shields.io/readthedocs/pyinstaller/stable
   :alt: Read the Docs (version)
   :target: https://pyinstaller.org
.. image:: https://img.shields.io/pypi/dm/pyinstaller
   :alt: PyPI - Downloads
   :target: https://pypistats.org/packages/pyinstaller


PyInstaller bundles a Python application and all its dependencies into a single
package. The user can run the packaged app without installing a Python
interpreter or any modules.

:Documentation: https://pyinstaller.org/
:Code:          https://github.com/pyinstaller/pyinstaller

PyInstaller reads a Python script written by you. It analyzes your code
to discover every other module and library your script needs in order to
execute. Then it collects copies of all those files -- including the active
Python interpreter! -- and puts them with your script in a single folder, or
optionally in a single executable file.


PyInstaller is tested against Windows, macOS, and GNU/Linux.
However, it is not a cross-compiler:
to make a Windows app you run PyInstaller in Windows; to make
a GNU/Linux app you run it in GNU/Linux, etc.
PyInstaller has been used successfully
with AIX, Solaris, FreeBSD and OpenBSD,
but is not tested against them as part of the continuous integration tests.


Main Advantages
---------------

- Works out-of-the-box with any Python version 3.8-3.14.
- Fully multi-platform, and uses the OS support to load the dynamic libraries,
  thus ensuring full compatibility.
- Correctly bundles the major Python packages such as numpy, PyQt5,
  PySide2, PyQt6, PySide6, wxPython, matplotlib and others out-of-the-box.
- Compatible w"
pyinstaller-hooks-contrib,2026.5,C:\NovaWall\.build-venv\Lib\site-packages,91d0baaff00773038e72c0a1fc9d5d2d38706b7a2b9c04f34296608f931b9cd0,https://github.com/pyinstaller/pyinstaller-hooks-contrib,OSI Approved :: Apache Software License; OSI Approved :: GNU General Public License v2 (GPLv2),C:\NovaWall\.build-venv\Lib\site-packages\pyinstaller_hooks_contrib-2026.5.dist-info\licenses\LICENSE,NO/BUILD TOOL,NO/BUILD TOOL,True,Preserve official license text; do not replace with summary.,LOW/MEDIUM - verify notice obligations.,"Metadata-Version: 2.4
Name: pyinstaller-hooks-contrib
Version: 2026.5
Summary: Community maintained hooks for PyInstaller
Home-page: https://github.com/pyinstaller/pyinstaller-hooks-contrib
Download-URL: https://pypi.org/project/pyinstaller-hooks-contrib
Maintainer: Legorooj
Maintainer-email: legorooj@protonmail.com
Keywords: pyinstaller development hooks
Classifier: Intended Audience :: Developers
Classifier: Topic :: Software Development :: Build Tools
Classifier: License :: OSI Approved :: Apache Software License
Classifier: License :: OSI Approved :: GNU General Public License v2 (GPLv2)
Classifier: Natural Language :: English
Classifier: Operating System :: OS Independent
Classifier: Programming Language :: Python
Classifier: Programming Language :: Python :: 3
Requires-Python: >=3.8
Description-Content-Type: text/markdown
License-File: LICENSE
Requires-Dist: setuptools>=42.0.0
Requires-Dist: importlib_metadata>=4.6; python_version < ""3.10""
Requires-Dist: packaging>=22.0
Dynamic: description-content-type
Dynamic: download-url
Dynamic: license-file

# `pyinstaller-hooks-contrib`: The PyInstaller community hooks repository

What happens when (your?) package doesn't work with PyInstaller? Say you have data files that you need at runtime?
PyInstaller doesn't bundle those. Your package requires others which PyInstaller can't see? How do you fix that?

In summary, a ""hook"" file extends PyInstaller to adapt it to the special needs and methods used by a Python package.
The word ""hook"" is used for two kinds of files. A runtime hook helps the bootloader to launch an app, setting up the
environment. A package hook (there are several types of those) tells PyInstaller what to include in the final app -
such as the data files and (hidden) imports mentioned above.

This repository is a collection of hooks for many packages, and allows PyInstaller to work with these packages
seamlessly.


## Installation

`pyinstaller-hooks-contrib` is automatically installed when you install PyInstaller, or can be installed with pip:

```commandline
pip install -U pyinstaller-hooks-contrib
```


## I can't see a hook for `a-package`

Either `a-package` works fine without a hook, or no-one has contributed hooks.
If you'd like to add a hook, or view information about hooks,
please see below.


## Hook configuration (options)

Hooks that support configuration (options) and their options are documented in
[Supported hooks and options](hooks-config.rst).


## I want to help!

If you've got a hook you want to share then great!
The rest of this page will walk you through the process of contributing a hook.
If you've been here before then you may want to skip to the [summary checklist](#summary)

**Unless you are very comfortable with `git rebase -i`, please provide one hook per pull request!**
**If you have more than one then submit them in separate pull requests.**


### Setup

[Fork this repo](https://github.com/pyinstaller/pyinstaller-hooks-contrib/fork) if you haven't already done so.
(If you have a fork already but its old, click the **Fetch upstream** button on your fork's homepage.)
Clone and `cd` inside your fork by running the following (replacing `bob-the-barnacle` with your github username):

```
git clone https://github.com/bob-the-barnacle/pyinstaller-hoooks-contrib.git
cd pyinstaller-hooks-contrib
```

Create a new branch for you changes (replacing `foo` with the name of the package):
You can name this branch whatever you like.

```
git checkout -b hook-for-foo
```

If you wish to create a virtual environment then do it now before proceeding to the next step.

Install this repo in editable mode.
This will overwrite your current installation.
(Note that you can reverse this with `pip install --force-reinstall pyinstaller-hooks-contrib`).

```
pip install -e .
pip install -r requirements-test.txt
pip install flake8 pyinstaller
```

Note that on macOS and Linux, `pip` may by called `pip3`.
If you normally use `pip3` and `python3` then use `pip3` here too.
You may skip the 2<sup>nd</sup> line if you have no intention of providing tests (but please do provide tests!).


### Add the hook

Standard hooks live in the [_pyinstaller_hooks_contrib/stdhooks/](../master/_pyinstaller_hooks_contrib/stdhooks/) directory.
Runtime hooks live in the [_pyinstaller_hooks_contrib/rthooks/](../master/_pyinstaller_hooks_contrib/rthooks/) directory.
Simply copy your hook into there.
If you're unsure if your hook is a runtime hook then it almost certainly is a standard hook.

Please annotate (with comments) anything unusual in the hook.
*Unusual* here is defined as any of the following:

*   Long lists of `hiddenimport` submodules.
    If you need lots of hidden imports then use [`collect_submodules('foo')`](https://pyinstaller.readthedocs.io/en/latest/hooks.html#PyInstaller.utils.hooks.collect_submodules).
    For bonus points, track down why so many submodules are hidden. Typical causes are:
    *   Lazily loaded submodules (`importlib.importmodule()"
PySide6,6.10.0,C:\NovaWall\.build-venv\Lib\site-packages,4f54763ac0fe2abd8f7f8d8fe370a94a08ebf84786aa0b91045bd6628deb08a3,"Homepage, https://pyside.org",LGPL-3.0-only OR GPL-2.0-only OR GPL-3.0-only,C:\NovaWall\.build-venv\Lib\site-packages\pyside6-6.10.0.dist-info\licenses\LicenseRef-Qt-Commercial.txt,YES,YES,False,Preserve official license text; do not replace with summary.,LOW/MEDIUM - verify notice obligations.,"Metadata-Version: 2.4
Name: PySide6
Version: 6.10.0
Summary: Python bindings for the Qt cross-platform application and UI framework
Author-email: Qt for Python Team <pyside@qt-project.org>
License: LGPL-3.0-only OR GPL-2.0-only OR GPL-3.0-only
Project-URL: Homepage, https://pyside.org
Project-URL: Documentation, https://doc.qt.io/qtforpython
Project-URL: Repository, https://code.qt.io/cgit/pyside/pyside-setup.git/
Project-URL: Changelog, https://code.qt.io/cgit/pyside/pyside-setup.git/tree/doc/changelogs
Project-URL: Tracker, https://bugreports.qt.io/projects/PYSIDE
Keywords: Qt
Classifier: Development Status :: 5 - Production/Stable
Classifier: Environment :: Console
Classifier: Environment :: MacOS X
Classifier: Environment :: X11 Applications :: Qt
Classifier: Environment :: Win32 (MS Windows)
Classifier: Intended Audience :: Developers
Classifier: Operating System :: MacOS :: MacOS X
Classifier: Operating System :: POSIX
Classifier: Operating System :: POSIX :: Linux
Classifier: Operating System :: Microsoft
Classifier: Operating System :: Microsoft :: Windows
Classifier: Programming Language :: C++
Classifier: Programming Language :: Python
Classifier: Programming Language :: Python :: 3
Classifier: Programming Language :: Python :: 3.9
Classifier: Programming Language :: Python :: 3.10
Classifier: Programming Language :: Python :: 3.11
Classifier: Programming Language :: Python :: 3.12
Classifier: Programming Language :: Python :: 3.13
Classifier: Topic :: Database
Classifier: Topic :: Software Development
Classifier: Topic :: Software Development :: Code Generators
Classifier: Topic :: Software Development :: Libraries :: Application Frameworks
Classifier: Topic :: Software Development :: User Interfaces
Classifier: Topic :: Software Development :: Widget Sets
Requires-Python: <3.14,>=3.9
Description-Content-Type: text/markdown
License-File: LicenseRef-Qt-Commercial.txt
Requires-Dist: shiboken6==6.10.0
Requires-Dist: PySide6_Essentials==6.10.0
Requires-Dist: PySide6_Addons==6.10.0
Dynamic: license-file

# PySide6

### Introduction

**Important:** for Qt5 compatibility, check [PySide2](https://pypi.org/project/PySide2)

PySide6 is the official Python module from the
[Qt for Python project](https://wiki.qt.io/Qt_for_Python),
which provides access to the complete Qt 6.0+ framework.

The Qt for Python project is developed in the open, with all facilities you'd expect
from any modern OSS project such as all code in a git repository and an open
design process. We welcome any contribution conforming to the
[Qt Contribution Agreement](https://www.qt.io/contributionagreement/).

### Installation

Since the release of the [Technical Preview](https://blog.qt.io/blog/2018/06/13/qt-python-5-11-released/)
it is possible to install via `pip`, both from Qt's servers
and [PyPi](https://pypi.org/project/PySide6/):

```
pip install PySide6
```

> Please note: this wheel is an alias to other two wheels
> [PySide6_Essentials](https://pypi.org/project/PySide6_Essentials) and
> [PySide6_Addons](https://pypi.org/project/PySide6_Addons), which contains
> a predefined list of Qt Modules.

#### Dependencies

PySide6 versions following 6.0 use a C++ parser based on
[Clang](http://clang.org/). The Clang library (C-bindings), version 13.0 or
higher is required for building. Prebuilt versions of it can be downloaded from
[download.qt.io](https://download.qt.io/development_releases/prebuilt/libclang/).

After unpacking the archive, set the environment variable *LLVM_INSTALL_DIR* to
point to the folder containing the *include* and *lib* directories of Clang:

```
7z x .../libclang-release_100-linux-Rhel7.2-gcc5.3-x86_64-clazy.7z
export LLVM_INSTALL_DIR=$PWD/libclang
```

On Windows:

```
7z x .../libclang-release_100-windows-vs2015_64-clazy.7z
SET LLVM_INSTALL_DIR=%CD%\libclang
```

### Building from source

For building PySide6 from scratch, please read about
[getting started](https://doc.qt.io/qtforpython/gettingstarted.html).
This process will include getting the code:

```
git clone https://code.qt.io/pyside/pyside-setup
cd pyside-setup
git checkout 6.x # if a specific version is needed
```

then install the dependencies, and following the instructions per platform.
A common build command will look like:

```
python setup.py install --qtpaths=/path/to/bin/qtpaths6 --parallel=8 --build-tests
```

You can obtain more information about the options to build PySide and Shiboken
in [our wiki](https://wiki.qt.io/Qt_for_Python/).

### Documentation and Bugs

You can find more information about the PySide6 module API in the
[official Qt for Python documentation](https://doc.qt.io/qtforpython/).

If you come across any issue, please file a bug report at our
[JIRA tracker](https://bugreports.qt.io/projects/PYSIDE) following
our [guidelines](https://wiki.qt.io/Qt_for_Python/Reporting_Bugs).

### Community

Check our channels on IRC (Libera), Telegram, Gitter, Matrix, and mailing list,
and [join our community](https://wiki.qt.io/Qt_for_Pytho"
PySide6_Addons,6.10.0,C:\NovaWall\.build-venv\Lib\site-packages,4f54763ac0fe2abd8f7f8d8fe370a94a08ebf84786aa0b91045bd6628deb08a3,"Homepage, https://pyside.org",LGPL-3.0-only OR GPL-2.0-only OR GPL-3.0-only,C:\NovaWall\.build-venv\Lib\site-packages\pyside6_addons-6.10.0.dist-info\licenses\LicenseRef-Qt-Commercial.txt,YES,YES,False,Preserve official license text; do not replace with summary.,LOW/MEDIUM - verify notice obligations.,"Metadata-Version: 2.4
Name: PySide6_Addons
Version: 6.10.0
Summary: Python bindings for the Qt cross-platform application and UI framework (Addons)
Author-email: Qt for Python Team <pyside@qt-project.org>
License: LGPL-3.0-only OR GPL-2.0-only OR GPL-3.0-only
Project-URL: Homepage, https://pyside.org
Project-URL: Documentation, https://doc.qt.io/qtforpython
Project-URL: Repository, https://code.qt.io/cgit/pyside/pyside-setup.git/
Project-URL: Changelog, https://code.qt.io/cgit/pyside/pyside-setup.git/tree/doc/changelogs
Project-URL: Tracker, https://bugreports.qt.io/projects/PYSIDE
Keywords: Qt
Classifier: Development Status :: 5 - Production/Stable
Classifier: Environment :: Console
Classifier: Environment :: MacOS X
Classifier: Environment :: X11 Applications :: Qt
Classifier: Environment :: Win32 (MS Windows)
Classifier: Intended Audience :: Developers
Classifier: Operating System :: MacOS :: MacOS X
Classifier: Operating System :: POSIX
Classifier: Operating System :: POSIX :: Linux
Classifier: Operating System :: Microsoft
Classifier: Operating System :: Microsoft :: Windows
Classifier: Programming Language :: C++
Classifier: Programming Language :: Python
Classifier: Programming Language :: Python :: 3
Classifier: Programming Language :: Python :: 3.9
Classifier: Programming Language :: Python :: 3.10
Classifier: Programming Language :: Python :: 3.11
Classifier: Programming Language :: Python :: 3.12
Classifier: Programming Language :: Python :: 3.13
Classifier: Topic :: Database
Classifier: Topic :: Software Development
Classifier: Topic :: Software Development :: Code Generators
Classifier: Topic :: Software Development :: Libraries :: Application Frameworks
Classifier: Topic :: Software Development :: User Interfaces
Classifier: Topic :: Software Development :: Widget Sets
Requires-Python: <3.14,>=3.9
Description-Content-Type: text/markdown
License-File: LicenseRef-Qt-Commercial.txt
Requires-Dist: shiboken6==6.10.0
Requires-Dist: PySide6_Essentials==6.10.0
Dynamic: license-file

# PySide6 Addons

PySide6 is the official Python module from the
[Qt for Python project](https://wiki.qt.io/Qt_for_Python),
which provides access to the complete Qt 6.0+ framework.

The Qt for Python project is developed in the open, with all facilities you'd expect
from any modern OSS project such as all code in a git repository and an open
design process. We welcome any contribution conforming to the
[Qt Contribution Agreement](https://www.qt.io/contributionagreement/).

This is a complementary wheel for [PySide6](https://pypi.org/project/PySide6),
it includes the following Qt modules:

* Qt3DAnimation
* Qt3DCore
* Qt3DExtras
* Qt3DInput
* Qt3DLogic
* Qt3DRender
* QtAxContainer
* QtBluetooth
* QtCharts
* QtDataVisualization
* QtGraphs
* QtGraphsWidgets
* QtMultimedia
* QtMultimediaWidgets
* QtNetworkAuth
* QtNfc
* QtPositioning
* QtQuick3D
* QtRemoteObjects
* QtScxml
* QtSensors
* QtSerialPort
* QtSerialBus
* QtSpatialAudio
* QtStateMachine
* QtTextToSpeech
* QtVirtualKeyboard
* QtWebChannel
* QtWebEngineCore
* QtWebEngineQuick
* QtWebEngineWidgets
* QtWebSockets
* QtPdf
* QtPdfWidgets
* QtHttpServer
* QtLocation
* QtAsyncio
* QtWebView

### Documentation and Bugs

You can find more information about the PySide6 module API in the
[official Qt for Python documentation](https://doc.qt.io/qtforpython/).

If you come across any issue, please file a bug report at our
[JIRA tracker](https://bugreports.qt.io/projects/PYSIDE) following
our [guidelines](https://wiki.qt.io/Qt_for_Python/Reporting_Bugs).

### Community

Check our channels on IRC (Libera), Telegram, Gitter, Matrix, and mailing list,
and [join our community](https://wiki.qt.io/Qt_for_Python#Community)!

### Licensing

PySide6 is available under both Open Source (LGPLv3 or GPLv2 or GPLv3) and commercial
license. Using PyPi is the recommended installation source, because the
content of the wheels is valid for both cases. For more information, refer to
the [Qt Licensing page](https://www.qt.io/licensing/).
"
PySide6_Essentials,6.10.0,C:\NovaWall\.build-venv\Lib\site-packages,4f54763ac0fe2abd8f7f8d8fe370a94a08ebf84786aa0b91045bd6628deb08a3,"Homepage, https://pyside.org",LGPL-3.0-only OR GPL-2.0-only OR GPL-3.0-only,C:\NovaWall\.build-venv\Lib\site-packages\pyside6_essentials-6.10.0.dist-info\licenses\LicenseRef-Qt-Commercial.txt,YES,YES,False,Preserve official license text; do not replace with summary.,LOW/MEDIUM - verify notice obligations.,"Metadata-Version: 2.4
Name: PySide6_Essentials
Version: 6.10.0
Summary: Python bindings for the Qt cross-platform application and UI framework (Essentials)
Author-email: Qt for Python Team <pyside@qt-project.org>
License: LGPL-3.0-only OR GPL-2.0-only OR GPL-3.0-only
Project-URL: Homepage, https://pyside.org
Project-URL: Documentation, https://doc.qt.io/qtforpython
Project-URL: Repository, https://code.qt.io/cgit/pyside/pyside-setup.git/
Project-URL: Changelog, https://code.qt.io/cgit/pyside/pyside-setup.git/tree/doc/changelogs
Project-URL: Tracker, https://bugreports.qt.io/projects/PYSIDE
Keywords: Qt
Classifier: Development Status :: 5 - Production/Stable
Classifier: Environment :: Console
Classifier: Environment :: MacOS X
Classifier: Environment :: X11 Applications :: Qt
Classifier: Environment :: Win32 (MS Windows)
Classifier: Intended Audience :: Developers
Classifier: Operating System :: MacOS :: MacOS X
Classifier: Operating System :: POSIX
Classifier: Operating System :: POSIX :: Linux
Classifier: Operating System :: Microsoft
Classifier: Operating System :: Microsoft :: Windows
Classifier: Programming Language :: C++
Classifier: Programming Language :: Python
Classifier: Programming Language :: Python :: 3
Classifier: Programming Language :: Python :: 3.9
Classifier: Programming Language :: Python :: 3.10
Classifier: Programming Language :: Python :: 3.11
Classifier: Programming Language :: Python :: 3.12
Classifier: Programming Language :: Python :: 3.13
Classifier: Topic :: Database
Classifier: Topic :: Software Development
Classifier: Topic :: Software Development :: Code Generators
Classifier: Topic :: Software Development :: Libraries :: Application Frameworks
Classifier: Topic :: Software Development :: User Interfaces
Classifier: Topic :: Software Development :: Widget Sets
Requires-Python: <3.14,>=3.9
Description-Content-Type: text/markdown
License-File: LicenseRef-Qt-Commercial.txt
Requires-Dist: shiboken6==6.10.0
Dynamic: license-file

# PySide6 Essentials

PySide6 is the official Python module from the
[Qt for Python project](https://wiki.qt.io/Qt_for_Python),
which provides access to the complete Qt 6.0+ framework.

The Qt for Python project is developed in the open, with all facilities you'd expect
from any modern OSS project such as all code in a git repository and an open
design process. We welcome any contribution conforming to the
[Qt Contribution Agreement](https://www.qt.io/contributionagreement/).

This is a minimal wheel for [PySide6](https://pypi.org/project/PySide6),
it includes only the essentials Qt modules:

* QtCore
* QtGui
* QtWidgets
* QtHelp
* QtNetwork
* QtConcurrent
* QtDBus
* QtDesigner
* QtOpenGL
* QtOpenGLWidgets
* QtPrintSupport
* QtQml
* QtQuick
* QtQuickControls2
* QtQuickTest
* QtQuickWidgets
* QtXml
* QtTest
* QtSql
* QtSvg
* QtSvgWidgets
* QtUiTools

### Documentation and Bugs

You can find more information about the PySide6 module API in the
[official Qt for Python documentation](https://doc.qt.io/qtforpython/).

If you come across any issue, please file a bug report at our
[JIRA tracker](https://bugreports.qt.io/projects/PYSIDE) following
our [guidelines](https://wiki.qt.io/Qt_for_Python/Reporting_Bugs).

### Community

Check our channels on IRC (Libera), Telegram, Gitter, Matrix, and mailing list,
and [join our community](https://wiki.qt.io/Qt_for_Python#Community)!

### Licensing

PySide6 is available under both Open Source (LGPLv3 or GPLv2 or GPLv3) and commercial
license. Using PyPi is the recommended installation source, because the
content of the wheels is valid for both cases. For more information, refer to
the [Qt Licensing page](https://www.qt.io/licensing/).
"
pywin32,311,C:\NovaWall\.build-venv\Lib\site-packages,5ea2f23c7f00c3006bacf267183e816d8d4b6dc95ea57a4ddb0ff81de6d8719e,"Homepage, https://github.com/mhammond/pywin32",PSF,C:\NovaWall\.build-venv\Lib\site-packages\adodbapi\license.txt; C:\NovaWall\.build-venv\Lib\site-packages\pythonwin\license.txt; C:\NovaWall\.build-venv\Lib\site-packages\win32\license.txt; C:\NovaWall\.build-venv\Lib\site-packages\win32com\License.txt,YES,YES,False,Preserve official license text; do not replace with summary.,LOW/MEDIUM - verify notice obligations.,"Metadata-Version: 2.4
Name: pywin32
Version: 311
Summary: Python for Window Extensions
Author: Mark Hammond (et al)
Author-email: mhammond@skippinet.com.au
License: PSF
Project-URL: Homepage, https://github.com/mhammond/pywin32
Project-URL: Changes, https://github.com/mhammond/pywin32/blob/main/CHANGES.txt
Project-URL: Docs, https://mhammond.github.io/pywin32/
Project-URL: Bugs, https://github.com/mhammond/pywin32/issues
Project-URL: Support Requests, https://github.com/mhammond/pywin32/discussions
Project-URL: Mailing List, https://mail.python.org/mailman/listinfo/python-win32
Classifier: Environment :: Win32 (MS Windows)
Classifier: Intended Audience :: Developers
Classifier: License :: OSI Approved :: Python Software Foundation License
Classifier: Development Status :: 5 - Production/Stable
Classifier: Operating System :: Microsoft :: Windows
Classifier: Programming Language :: Python :: 3.8
Classifier: Programming Language :: Python :: 3.9
Classifier: Programming Language :: Python :: 3.10
Classifier: Programming Language :: Python :: 3.11
Classifier: Programming Language :: Python :: 3.12
Classifier: Programming Language :: Python :: 3.13
Classifier: Programming Language :: Python :: 3.14
Classifier: Programming Language :: Python :: Implementation :: CPython
Description-Content-Type: text/markdown
Dynamic: author
Dynamic: author-email
Dynamic: classifier
Dynamic: description
Dynamic: description-content-type
Dynamic: license
Dynamic: project-url
Dynamic: summary

# pywin32

[![CI](https://github.com/mhammond/pywin32/workflows/CI/badge.svg)](https://github.com/mhammond/pywin32/actions?query=workflow%3ACI)
[![PyPI - Version](https://img.shields.io/pypi/v/pywin32.svg)](https://pypi.org/project/pywin32)
[![PyPI - Python Version](https://img.shields.io/pypi/pyversions/pywin32.svg)](https://pypi.org/project/pywin32)
[![PyPI - Downloads](https://img.shields.io/pypi/dm/pywin32.svg)](https://pypi.org/project/pywin32)
[![License - PSF-2.0](https://img.shields.io/badge/license-PSF--2.0-9400d3.svg)](https://spdx.org/licenses/PSF-2.0.html)

-----

This is the readme for the Python for Win32 (pywin32) extensions, which provides access to many of the Windows APIs from Python, including COM support.

See [CHANGES.txt](https://github.com/mhammond/pywin32/blob/main/CHANGES.txt) for recent notable changes.

adodbapi's documentation can be found in: [adodbapi/readme.txt](https://github.com/mhammond/pywin32/blob/main/adodbapi/readme.txt)

isapi's documentation can be found in: [isapi/README.txt](https://github.com/mhammond/pywin32/blob/main/isapi/README.txt)

## Docs

The docs are a long and sad story, but [there's now an online version](https://mhammond.github.io/pywin32/)
of the `PyWin32.chm` helpfile (thanks [@ofek](https://github.com/mhammond/pywin32/pull/1774)!).
Lots of that is very old, but some is auto-generated and current. Would love help untangling the docs!

You can get type hints, signatures and annotations from [`types-pywin32`](https://pypi.org/project/types-pywin32/).

## Support

Feel free to [open issues](https://github.com/mhammond/pywin32/issues) for
all bugs (or suspected bugs) in pywin32. [pull-requests](https://github.com/mhammond/pywin32/pulls)
for all bugs or features are also welcome.

However, please **do not open GitHub issues for general support requests**, or for problems or questions using the modules in this package.
For pywin32 support requests, please start a [discussion](https://github.com/mhammond/pywin32/discussions) under the [Q&A category](https://github.com/mhammond/pywin32/discussions/new?category=q-a). All non bug related issues will be converted into a discussion anyhow.
The [python-win32 mailing list](https://mail.python.org/mailman/listinfo/python-win32) is still available for general Python on Windows help requests.

Type stubs currently live in [typeshed](<https://github.com/python/typeshed/tree/main/stubs/pywin32>).
Any issue or request related to static type-checking and IntelliSense should be raised there.

## Binaries

[Binary releases are no longer supported.](https://mhammond.github.io/pywin32_installers.html)

Build 306 was the last with .exe installers. You really shouldn't use them, but if you really need them,
[find them here](https://github.com/mhammond/pywin32/releases/tag/b306)

## Installing via PIP

You should install pywin32 via pip - eg,

```shell
python -m pip install --upgrade pywin32
```

There is a post-install script (see below) which should *not* be run inside virtual environments;
it should only be run in ""global"" installs.

For unreleased changes, you can download builds made by [GitHub actions](https://github.com/mhammond/pywin32/actions/) -
choose any ""workflow"" from the `main` branch and download its ""artifacts""

### Installing globally

Outside of a virtual environment you might want to install COM objects, services, etc. You can do
this by executing:

```shell
python -m pywin32_postinstall -install
```

or (shorter but you don't have control "
pywin32-ctypes,0.2.3,C:\NovaWall\.build-venv\Lib\site-packages,dfa83b3e2709adfcdb838d9ad55823ca674abb780e60563d9dd9544ccbf785e9,https://github.com/enthought/pywin32-ctypes,BSD-3-Clause,C:\NovaWall\.build-venv\Lib\site-packages\pywin32_ctypes-0.2.3.dist-info\LICENSE.txt,NO/BUILD TOOL,NO/BUILD TOOL,True,Preserve official license text; do not replace with summary.,LOW/MEDIUM - verify notice obligations.,"Metadata-Version: 2.1
Name: pywin32-ctypes
Version: 0.2.3
Summary: A (partial) reimplementation of pywin32 using ctypes/cffi
Home-page: https://github.com/enthought/pywin32-ctypes
Author: Enthought Inc.
Author-email: info@enthough.com
License: BSD-3-Clause
Classifier: Programming Language :: Python :: 3
Classifier: Programming Language :: Python :: 3.6
Classifier: Programming Language :: Python :: 3.7
Classifier: Programming Language :: Python :: 3.8
Classifier: Programming Language :: Python :: 3.9
Classifier: Programming Language :: Python :: 3.10
Classifier: Programming Language :: Python :: 3.11
Requires-Python: >=3.6


.. image:: https://readthedocs.org/projects/pywin32-ctypes/badge/?version=master
   :target: http://pywin32-ctypes.readthedocs.org/en/latest/?badge=master
   :alt: Documentation Status

A reimplementation of pywin32 that is pure python. The default
behaviour will try to use cffi (>= 1.3.0), if available, and fall back
to using ctypes. Please note that there is no need to have a compiler
available on installation or at runtime.

Usage
=====

Example::

  # Equivalent to 'import win32api' from pywin32.
  from win32ctypes.pywin32 import win32api

  win32api.LoadLibraryEx(sys.executable, 0, win32api.LOAD_LIBRARY_AS_DATAFILE)

.. note::

   Currently pywin32ctypes implements only a very small subset
   of pywin32, for internal needs at Enthought. We do welcome
   additional features and PRs, though.

Development setup
=================

The following should be good enough::

  pip install -r test_requirements.txt
  python install -e .

.. note::

   - While pywin32-ctypes should regularly be tested on windows, you can also
     develop/test on unix by using wine

Change Log
==========

Version 0.2.3
-------------

- Do not use loal_module in backend selection code (#131, #132)
- Add pywin32.pywintypes.Time (#122)

Version 0.2.2
-------------

- Use ctypes.set_last_error to avoid race conditions (#122)

Version 0.2.1
-------------

- Use faulthandler when testing and fix discovered errors (#115, #117).
- Fix support for None username in credentials to be consistent in all backends (#99).
- Test also on cp38, cp39, cp310, cp311 and use cp38 for linking (#114, #107, #100).
- Add support for CredEnumerate extending code from @markb-EE (#110, #109, #111)
- Remove support for older python versions < cp36 (#104, #120).

Version 0.2.0
-------------

- Fix syntax error when installing in python 3.7 (#81).
- Support testing on python 3.7 (#82).
- Support testing on python 3.3 and python 3.4 (#77).
- Do not use 2to3 (#75).
- Support lazy wrapping of win32 functions (#67).
- Add CRED_PERSIST constants (#79 contributed by @tivnet).

Version 0.1.2
-------------

(bugfix release)

- Fix implementation for the deprecated api (#64).

Version 0.1.1
-------------

(bugfix release)

- Update Manifest.in entries (#63)
- fix VERSION path in Manifest.in (#62 contributed by @MinchinWeb)


Version 0.1.0
-------------

- Update tests and provide better compatibility with pywin32 for
  Resource functions
- Fix: Python 3.5 and 3.6 support (#52).
- API additions to allow pywin32-ctypes to work with pyinstaller (#46
  and #57 contributed by @virtuald).
- Fix: do not update the global copy of the windows dlls (#42)
- Add documentation and setup automatic builds in ReadTheDocs (#3, #36).
- Add cffi backend to be used when available (#31).
- Fix: EnumResourceTypes and EnumResourceNames would only return ints
  (#21, #30).
- Restructure package layout to split core wrapping modules from
  pywin32 emulation (#15, #17).

Version 0.0.1
-------------

7/04/2014

- Python 2.6 support (#13)
- Python 3 support (#12)
- Basic maintenance work (#11, #7)
- Fix error raising to be pywin32 compatible (#8)
- Package rename mini_pywin32 -> pywin32-ctypes
- Add travis-ci integration using wine! (#2)
- Support basic library and resource loading (#1)
- mini_pywin32 is born
"
setuptools,82.0.1,C:\NovaWall\.build-venv\Lib\site-packages,86da0f01aeae46348a3c3d465195dc1ceccde79f79e87769a64b8da04b2a4741,"Source, https://github.com/pypa/setuptools",UNKNOWN,C:\NovaWall\.build-venv\Lib\site-packages\setuptools-82.0.1.dist-info\licenses\LICENSE; C:\NovaWall\.build-venv\Lib\site-packages\setuptools\_vendor\autocommand-2.2.2.dist-info\LICENSE; C:\NovaWall\.build-venv\Lib\site-packages\setuptools\_vendor\backports.tarfile-1.2.0.dist-info\LICENSE; C:\NovaWall\.build-venv\Lib\site-packages\setuptools\_vendor\importlib_metadata-8.7.1.dist-info\licenses\LICENSE; C:\NovaWall\.build-venv\Lib\site-packages\setuptools\_vendor\jaraco.text-4.0.0.dist-info\LICENSE; C:\NovaWall\.build-venv\Lib\site-packages\setuptools\_vendor\jaraco_context-6.1.0.dist-info\licenses\LICENSE; C:\NovaWall\.build-venv\Lib\site-packages\setuptools\_vendor\jaraco_functools-4.4.0.dist-info\licenses\LICENSE; C:\NovaWall\.build-venv\Lib\site-packages\setuptools\_vendor\more_itertools-10.8.0.dist-info\licenses\LICENSE; C:\NovaWall\.build-venv\Lib\site-packages\setuptools\_vendor\packaging-26.0.dist-info\licenses\LICENSE; C:\NovaWall\.build-venv\Lib\site-packages\setuptools\_vendor\packaging-26.0.dist-info\licenses\LICENSE.APACHE; C:\NovaWall\.build-venv\Lib\site-packages\setuptools\_vendor\packaging-26.0.dist-info\licenses\LICENSE.BSD; C:\NovaWall\.build-venv\Lib\site-packages\setuptools\_vendor\platformdirs-4.4.0.dist-info\licenses\LICENSE; C:\NovaWall\.build-venv\Lib\site-packages\setuptools\_vendor\tomli-2.4.0.dist-info\licenses\LICENSE; C:\NovaWall\.build-venv\Lib\site-packages\setuptools\_vendor\wheel-0.46.3.dist-info\licenses\LICENSE.txt; C:\NovaWall\.build-venv\Lib\site-packages\setuptools\_vendor\zipp-3.23.0.dist-info\licenses\LICENSE; C:\NovaWall\.build-venv\Lib\site-packages\setuptools\config\NOTICE; C:\NovaWall\.build-venv\Lib\site-packages\setuptools\config\_validate_pyproject\NOTICE,NO/BUILD TOOL,NO/BUILD TOOL,True,Preserve official license text; do not replace with summary.,REVIEW REQUIRED,"Metadata-Version: 2.4
Name: setuptools
Version: 82.0.1
Summary: Most extensible Python build backend with support for C/C++ extension modules
Author-email: Python Packaging Authority <distutils-sig@python.org>
License-Expression: MIT
Project-URL: Source, https://github.com/pypa/setuptools
Project-URL: Documentation, https://setuptools.pypa.io/
Project-URL: Changelog, https://setuptools.pypa.io/en/stable/history.html
Keywords: CPAN PyPI distutils eggs package management
Classifier: Development Status :: 5 - Production/Stable
Classifier: Intended Audience :: Developers
Classifier: Programming Language :: Python :: 3
Classifier: Programming Language :: Python :: 3 :: Only
Classifier: Topic :: Software Development :: Libraries :: Python Modules
Classifier: Topic :: System :: Archiving :: Packaging
Classifier: Topic :: System :: Systems Administration
Classifier: Topic :: Utilities
Requires-Python: >=3.9
Description-Content-Type: text/x-rst
License-File: LICENSE
Provides-Extra: test
Requires-Dist: pytest!=8.1.*,>=6; extra == ""test""
Requires-Dist: virtualenv>=13.0.0; extra == ""test""
Requires-Dist: wheel>=0.44.0; extra == ""test""
Requires-Dist: pip>=19.1; extra == ""test""
Requires-Dist: packaging>=24.2; extra == ""test""
Requires-Dist: jaraco.envs>=2.2; extra == ""test""
Requires-Dist: pytest-xdist>=3; extra == ""test""
Requires-Dist: jaraco.path>=3.7.2; extra == ""test""
Requires-Dist: build[virtualenv]>=1.0.3; extra == ""test""
Requires-Dist: filelock>=3.4.0; extra == ""test""
Requires-Dist: ini2toml[lite]>=0.14; extra == ""test""
Requires-Dist: tomli-w>=1.0.0; extra == ""test""
Requires-Dist: pytest-timeout; extra == ""test""
Requires-Dist: pytest-perf; sys_platform != ""cygwin"" and extra == ""test""
Requires-Dist: jaraco.develop>=7.21; (python_version >= ""3.9"" and sys_platform != ""cygwin"") and extra == ""test""
Requires-Dist: pytest-home>=0.5; extra == ""test""
Requires-Dist: pytest-subprocess; extra == ""test""
Requires-Dist: pyproject-hooks!=1.1; extra == ""test""
Requires-Dist: jaraco.test>=5.5; extra == ""test""
Provides-Extra: doc
Requires-Dist: sphinx>=3.5; extra == ""doc""
Requires-Dist: jaraco.packaging>=9.3; extra == ""doc""
Requires-Dist: rst.linker>=1.9; extra == ""doc""
Requires-Dist: furo; extra == ""doc""
Requires-Dist: sphinx-lint; extra == ""doc""
Requires-Dist: jaraco.tidelift>=1.4; extra == ""doc""
Requires-Dist: pygments-github-lexers==0.0.5; extra == ""doc""
Requires-Dist: sphinx-favicon; extra == ""doc""
Requires-Dist: sphinx-inline-tabs; extra == ""doc""
Requires-Dist: sphinx-reredirects; extra == ""doc""
Requires-Dist: sphinxcontrib-towncrier; extra == ""doc""
Requires-Dist: sphinx-notfound-page<2,>=1; extra == ""doc""
Requires-Dist: pyproject-hooks!=1.1; extra == ""doc""
Requires-Dist: towncrier<24.7; extra == ""doc""
Provides-Extra: ssl
Provides-Extra: certs
Provides-Extra: core
Requires-Dist: packaging>=24.2; extra == ""core""
Requires-Dist: more_itertools>=8.8; extra == ""core""
Requires-Dist: jaraco.text>=3.7; extra == ""core""
Requires-Dist: importlib_metadata>=6; python_version < ""3.10"" and extra == ""core""
Requires-Dist: tomli>=2.0.1; python_version < ""3.11"" and extra == ""core""
Requires-Dist: wheel>=0.43.0; extra == ""core""
Requires-Dist: jaraco.functools>=4; extra == ""core""
Requires-Dist: more_itertools; extra == ""core""
Provides-Extra: check
Requires-Dist: pytest-checkdocs>=2.4; extra == ""check""
Requires-Dist: pytest-ruff>=0.2.1; sys_platform != ""cygwin"" and extra == ""check""
Requires-Dist: ruff>=0.13.0; sys_platform != ""cygwin"" and extra == ""check""
Provides-Extra: cover
Requires-Dist: pytest-cov; extra == ""cover""
Provides-Extra: enabler
Requires-Dist: pytest-enabler>=2.2; extra == ""enabler""
Provides-Extra: type
Requires-Dist: pytest-mypy; extra == ""type""
Requires-Dist: mypy==1.18.*; extra == ""type""
Requires-Dist: importlib_metadata>=7.0.2; python_version < ""3.10"" and extra == ""type""
Requires-Dist: jaraco.develop>=7.21; sys_platform != ""cygwin"" and extra == ""type""
Dynamic: license-file

.. |pypi-version| image:: https://img.shields.io/pypi/v/setuptools.svg
   :target: https://pypi.org/project/setuptools

.. |py-version| image:: https://img.shields.io/pypi/pyversions/setuptools.svg

.. |test-badge| image:: https://github.com/pypa/setuptools/actions/workflows/main.yml/badge.svg
   :target: https://github.com/pypa/setuptools/actions?query=workflow%3A%22tests%22
   :alt: tests

.. |ruff-badge| image:: https://img.shields.io/endpoint?url=https://raw.githubusercontent.com/charliermarsh/ruff/main/assets/badge/v2.json
   :target: https://github.com/astral-sh/ruff
   :alt: Ruff

.. |docs-badge| image:: https://img.shields.io/readthedocs/setuptools/latest.svg
   :target: https://setuptools.pypa.io

.. |skeleton-badge| image:: https://img.shields.io/badge/skeleton-2025-informational
   :target: https://blog.jaraco.com/skeleton

.. |codecov-badge| image:: https://img.shields.io/codecov/c/github/pypa/setuptools/master.svg?logo=codecov&logoColor=white
   :target: https://codecov.io/gh/pypa/setuptools

.. |tidelift-badge| image:: https://tidelift.com/badges/gith"
shiboken6,6.10.0,C:\NovaWall\.build-venv\Lib\site-packages,4f54763ac0fe2abd8f7f8d8fe370a94a08ebf84786aa0b91045bd6628deb08a3,"Homepage, https://pyside.org",LGPL-3.0-only OR GPL-2.0-only OR GPL-3.0-only,C:\NovaWall\.build-venv\Lib\site-packages\shiboken6-6.10.0.dist-info\licenses\LicenseRef-Qt-Commercial.txt,YES,YES,False,Preserve official license text; do not replace with summary.,LOW/MEDIUM - verify notice obligations.,"Metadata-Version: 2.4
Name: shiboken6
Version: 6.10.0
Summary: Python/C++ bindings helper module
Author-email: Qt for Python Team <pyside@qt-project.org>
License: LGPL-3.0-only OR GPL-2.0-only OR GPL-3.0-only
Project-URL: Homepage, https://pyside.org
Project-URL: Documentation, https://doc.qt.io/qtforpython
Project-URL: Repository, https://code.qt.io/cgit/pyside/pyside-setup.git/
Project-URL: Changelog, https://code.qt.io/cgit/pyside/pyside-setup.git/tree/doc/changelogs
Project-URL: Tracker, https://bugreports.qt.io/projects/PYSIDE
Keywords: Qt
Classifier: Development Status :: 5 - Production/Stable
Classifier: Environment :: Console
Classifier: Environment :: MacOS X
Classifier: Environment :: X11 Applications :: Qt
Classifier: Environment :: Win32 (MS Windows)
Classifier: Intended Audience :: Developers
Classifier: Operating System :: MacOS :: MacOS X
Classifier: Operating System :: POSIX
Classifier: Operating System :: POSIX :: Linux
Classifier: Operating System :: Microsoft
Classifier: Operating System :: Microsoft :: Windows
Classifier: Programming Language :: C++
Classifier: Programming Language :: Python
Classifier: Programming Language :: Python :: 3
Classifier: Programming Language :: Python :: 3.9
Classifier: Programming Language :: Python :: 3.10
Classifier: Programming Language :: Python :: 3.11
Classifier: Programming Language :: Python :: 3.12
Classifier: Programming Language :: Python :: 3.13
Classifier: Topic :: Database
Classifier: Topic :: Software Development
Classifier: Topic :: Software Development :: Code Generators
Classifier: Topic :: Software Development :: Libraries :: Application Frameworks
Classifier: Topic :: Software Development :: User Interfaces
Classifier: Topic :: Software Development :: Widget Sets
Requires-Python: <3.14,>=3.9
Description-Content-Type: text/markdown
License-File: LicenseRef-Qt-Commercial.txt
Dynamic: license-file

# Shiboken6 module

The purpose of the **shiboken6 Python module**
is to access information related to the binding generation that could be used to integrate
C++ programs to Python, or even to get useful information to debug
an application.

Mostly the idea is to interact with Shiboken objects,
where one can check if it is valid, or if the generated Python wrapper
is invalid after the underlying C++ object has been destroyed.

More information on the available functions can be found
in our [official documentation](https://doc.qt.io/qtforpython/shiboken6/shibokenmodule.html)
"
